group_id,sample_id,node_id,split,label,teacher_risk_level,missing_fields,reasons
G-000061,G-000061,SYN-000061,excluded_unknown,,unknown,"[""tilt_deg""]","[""基线或当前窗口存在湿度/倾角缺测；未校准湿度必须为 null，不能按 0 计算""]"
G-000062,G-000062,SYN-000062,excluded_unknown,,unknown,"[""soil_moisture_pct""]","[""基线或当前窗口存在湿度/倾角缺测；未校准湿度必须为 null，不能按 0 计算""]"
G-000063,G-000063,SYN-000063,excluded_unknown,,unknown,"[""tilt_deg""]","[""基线或当前窗口存在湿度/倾角缺测；未校准湿度必须为 null，不能按 0 计算""]"
G-000064,G-000064,SYN-000064,excluded_unknown,,unknown,"[""soil_moisture_pct""]","[""基线或当前窗口存在湿度/倾角缺测；未校准湿度必须为 null，不能按 0 计算""]"
G-000065,G-000065,SYN-000065,excluded_unknown,,unknown,"[""tilt_deg""]","[""基线或当前窗口存在湿度/倾角缺测；未校准湿度必须为 null，不能按 0 计算""]"
G-000066,G-000066,SYN-000066,excluded_unknown,,unknown,"[""soil_moisture_pct""]","[""基线或当前窗口存在湿度/倾角缺测；未校准湿度必须为 null，不能按 0 计算""]"
G-000127,G-000127,SYN-000127,excluded_unknown,,unknown,"[""tilt_deg""]","[""基线或当前窗口存在湿度/倾角缺测；未校准湿度必须为 null，不能按 0 计算""]"
G-000128,G-000128,SYN-000128,excluded_unknown,,unknown,"[""soil_moisture_pct""]","[""基线或当前窗口存在湿度/倾角缺测；未校准湿度必须为 null，不能按 0 计算""]"
G-000129,G-000129,SYN-000129,excluded_unknown,,unknown,"[""tilt_deg""]","[""基线或当前窗口存在湿度/倾角缺测；未校准湿度必须为 null，不能按 0 计算""]"
G-000130,G-000130,SYN-000130,excluded_unknown,,unknown,"[""soil_moisture_pct""]","[""基线或当前窗口存在湿度/倾角缺测；未校准湿度必须为 null，不能按 0 计算""]"
G-000131,G-000131,SYN-000131,excluded_unknown,,unknown,"[""tilt_deg""]","[""基线或当前窗口存在湿度/倾角缺测；未校准湿度必须为 null，不能按 0 计算""]"
G-000132,G-000132,SYN-000132,excluded_unknown,,unknown,"[""soil_moisture_pct""]","[""基线或当前窗口存在湿度/倾角缺测；未校准湿度必须为 null，不能按 0 计算""]"
G-000193,G-000193,SYN-000193,excluded_unknown,,unknown,"[""tilt_deg""]","[""基线或当前窗口存在湿度/倾角缺测；未校准湿度必须为 null，不能按 0 计算""]"
G-000194,G-000194,SYN-000194,excluded_unknown,,unknown,"[""soil_moisture_pct""]","[""基线或当前窗口存在湿度/倾角缺测；未校准湿度必须为 null，不能按 0 计算""]"
G-000195,G-000195,SYN-000195,excluded_unknown,,unknown,"[""tilt_deg""]","[""基线或当前窗口存在湿度/倾角缺测；未校准湿度必须为 null，不能按 0 计算""]"
G-000196,G-000196,SYN-000196,excluded_unknown,,unknown,"[""soil_moisture_pct""]","[""基线或当前窗口存在湿度/倾角缺测；未校准湿度必须为 null，不能按 0 计算""]"
G-000197,G-000197,SYN-000197,excluded_unknown,,unknown,"[""tilt_deg""]","[""基线或当前窗口存在湿度/倾角缺测；未校准湿度必须为 null，不能按 0 计算""]"
G-000198,G-000198,SYN-000198,excluded_unknown,,unknown,"[""soil_moisture_pct""]","[""基线或当前窗口存在湿度/倾角缺测；未校准湿度必须为 null，不能按 0 计算""]"
