group_id,sample_id,node_id,split,label,label_text,teacher_risk_level,soil_moisture_delta_pp,soil_moisture_slope_pp_per_min,tilt_median_deviation_deg,tilt_min_abs_deviation_deg
G-000001,G-000001,SYN-000001,train,0,rule_not_triggered,normal,0.010293,0.030879,0.008572,0.007463
G-000002,G-000002,SYN-000002,train,0,rule_not_triggered,normal,0.042482,0.127446,-0.029919,0.016462
G-000003,G-000003,SYN-000003,train,0,rule_not_triggered,normal,0.056014,0.168042,-0.005702,0.002967
G-000004,G-000004,SYN-000004,train,0,rule_not_triggered,normal,-0.072263,-0.216789,0.019099,0.017798
G-000005,G-000005,SYN-000005,train,0,rule_not_triggered,normal,-0.015762,-0.047286,0.050762,0.040149
G-000006,G-000006,SYN-000006,validation,0,rule_not_triggered,normal,-0.004001,-0.012003,-0.022673,0.010332
G-000007,G-000007,SYN-000007,train,0,rule_not_triggered,normal,-0.044221,-0.132663,-0.018776,0.01538
G-000008,G-000008,SYN-000008,test,0,rule_not_triggered,normal,0.023147,0.069441,-0.00038,0.00038
G-000009,G-000009,SYN-000009,test,0,rule_not_triggered,normal,0.014646,0.043938,-0.019417,0.006621
G-000010,G-000010,SYN-000010,train,0,rule_not_triggered,normal,-0.038948,-0.116844,-0.020595,0.020595
G-000011,G-000011,SYN-000011,train,0,rule_not_triggered,normal,0.031183,0.093549,-0.012595,0.007942
G-000012,G-000012,SYN-000012,train,0,rule_not_triggered,normal,-0.013697,-0.041091,0.02045,0.019708
G-000013,G-000013,SYN-000013,train,0,rule_not_triggered,normal,-0.002004,-0.006012,0.007647,0.007647
G-000014,G-000014,SYN-000014,train,0,rule_not_triggered,normal,-0.032315,-0.096945,-0.02037,0.018132
G-000015,G-000015,SYN-000015,train,0,rule_not_triggered,normal,-0.059157,-0.177471,-0.038388,0.006696
G-000016,G-000016,SYN-000016,validation,0,rule_not_triggered,normal,0.006029,0.018087,-0.036712,0.029669
G-000017,G-000017,SYN-000017,validation,0,rule_not_triggered,normal,-0.013077,-0.039231,0.027684,0.022007
G-000018,G-000018,SYN-000018,train,0,rule_not_triggered,normal,-0.04264,-0.12792,0.035217,0.016897
G-000019,G-000019,SYN-000019,train,0,rule_not_triggered,normal,-0.003514,-0.010542,0.045454,0.001383
G-000020,G-000020,SYN-000020,train,0,rule_not_triggered,normal,-0.006975,-0.020925,0.011651,0.011651
G-000021,G-000021,SYN-000021,train,0,rule_not_triggered,normal,0.009928,0.029784,-0.017026,0.017026
G-000022,G-000022,SYN-000022,test,0,rule_not_triggered,normal,-0.003067,-0.009201,0.00634,0.002638
G-000023,G-000023,SYN-000023,train,0,rule_not_triggered,normal,0.007629,0.022887,-0.023427,0.009696
G-000024,G-000024,SYN-000024,train,0,rule_not_triggered,normal,0.025932,0.077796,-0.002772,0.002772
G-000025,G-000025,SYN-000025,train,0,rule_not_triggered,normal,0.005445,0.016335,0.013706,0.013326
G-000026,G-000026,SYN-000026,validation,0,rule_not_triggered,normal,0.039709,0.119127,0.015484,0.01424
G-000027,G-000027,SYN-000027,train,0,rule_not_triggered,normal,-0.006418,-0.019254,0.023511,0.022826
G-000028,G-000028,SYN-000028,test,0,rule_not_triggered,normal,-0.021805,-0.065415,-0.025079,0.000699
G-000029,G-000029,SYN-000029,train,0,rule_not_triggered,normal,-0.043508,-0.130524,-0.011987,0.002226
G-000030,G-000030,SYN-000030,train,0,rule_not_triggered,normal,-0.014278,-0.042834,-0.020129,0.020129
G-000031,G-000031,SYN-000031,train,0,rule_not_triggered,normal,-0.030113,-0.090339,0.024037,0.009876
G-000032,G-000032,SYN-000032,validation,0,rule_not_triggered,normal,0.012526,0.037578,0.02512,0.013735
G-000033,G-000033,SYN-000033,test,0,rule_not_triggered,normal,0.029058,0.087174,-0.012009,0.008551
G-000034,G-000034,SYN-000034,validation,0,rule_not_triggered,normal,-0.01409,-0.04227,-0.026371,0.009874
G-000035,G-000035,SYN-000035,train,0,rule_not_triggered,normal,0.068965,0.206895,0.010691,0.010691
G-000036,G-000036,SYN-000036,train,0,rule_not_triggered,normal,0.030333,0.090999,-0.041246,0.010198
G-000037,G-000037,SYN-000037,test,0,rule_not_triggered,normal,-0.017097,-0.051291,-0.029539,0.022691
G-000038,G-000038,SYN-000038,train,0,rule_not_triggered,normal,0.007645,0.022935,-0.046218,0.001277
G-000039,G-000039,SYN-000039,train,0,rule_not_triggered,normal,-0.037823,-0.113469,0.003619,0.002536
G-000040,G-000040,SYN-000040,validation,0,rule_not_triggered,normal,-0.011363,-0.034089,-0.039823,0.014029
G-000041,G-000041,SYN-000041,train,0,rule_not_triggered,normal,0.046814,0.140442,-0.034436,0.012534
G-000042,G-000042,SYN-000042,train,0,rule_not_triggered,normal,0.029754,0.089262,-0.011635,0.011635
G-000043,G-000043,SYN-000043,validation,0,rule_not_triggered,normal,0.001358,0.004074,0.016001,0.006528
G-000044,G-000044,SYN-000044,train,0,rule_not_triggered,normal,0.022892,0.068676,0.009745,0.009745
G-000045,G-000045,SYN-000045,train,0,rule_not_triggered,normal,-0.029532,-0.088596,-0.030959,0.027955
G-000046,G-000046,SYN-000046,train,0,rule_not_triggered,normal,0.020025,0.060075,0.030491,0.014857
G-000047,G-000047,SYN-000047,train,0,rule_not_triggered,normal,0.043415,0.130245,-0.000168,0.000168
G-000048,G-000048,SYN-000048,test,0,rule_not_triggered,normal,0.034934,0.104802,-0.019676,0.004913
G-000049,G-000049,SYN-000049,train,0,rule_not_triggered,normal,0.006942,0.020826,-0.03157,0.014452
G-000050,G-000050,SYN-000050,test,0,rule_not_triggered,normal,0.023579,0.070737,0.037049,0.002057
G-000051,G-000051,SYN-000051,test,0,rule_not_triggered,normal,0.034983,0.104949,0.023736,0.006786
G-000052,G-000052,SYN-000052,train,0,rule_not_triggered,normal,-0.015328,-0.045984,-0.026981,0.00954
G-000053,G-000053,SYN-000053,train,0,rule_not_triggered,normal,0.062762,0.188286,0.000424,0.000424
G-000054,G-000054,SYN-000054,validation,0,rule_not_triggered,normal,0.013398,0.040194,-0.030323,0.025169
G-000055,G-000055,SYN-000055,train,0,rule_not_triggered,normal,-0.000494,-0.001482,0.041905,0.001535
G-000056,G-000056,SYN-000056,train,0,rule_not_triggered,normal,-0.060421,-0.181263,0.023294,0.000205
G-000057,G-000057,SYN-000057,train,0,rule_not_triggered,normal,-0.048206,-0.144618,0.018573,0.002666
G-000058,G-000058,SYN-000058,train,0,rule_not_triggered,normal,0.065253,0.195759,0.01571,0.00269
G-000059,G-000059,SYN-000059,train,0,rule_not_triggered,normal,0.024594,0.073782,-0.010652,0.010652
G-000060,G-000060,SYN-000060,train,0,rule_not_triggered,normal,-0.007225,-0.021675,0.004823,0.004823
G-000067,G-000067,SYN-000067,train,1,rule_triggered,attention,0.033006,0.099018,1.166678,1.086678
G-000068,G-000068,SYN-000068,train,1,rule_triggered,attention,2.371945,7.115835,-0.004603,0.004402
G-000069,G-000069,SYN-000069,train,1,rule_triggered,attention,0.01377,0.04131,-1.17309,1.09309
G-000070,G-000070,SYN-000070,train,1,rule_triggered,attention,2.361354,7.084062,0.041337,0.029498
G-000071,G-000071,SYN-000071,test,1,rule_triggered,attention,-0.002432,-0.007296,-1.147228,1.067228
G-000072,G-000072,SYN-000072,test,1,rule_triggered,attention,2.387179,7.161537,-0.002423,0.002423
G-000073,G-000073,SYN-000073,train,1,rule_triggered,attention,-0.055723,-0.167169,1.161155,1.081155
G-000074,G-000074,SYN-000074,train,1,rule_triggered,attention,2.371931,7.115793,-0.028328,0.027833
G-000075,G-000075,SYN-000075,train,1,rule_triggered,attention,0.031544,0.094632,-1.146637,1.066637
G-000076,G-000076,SYN-000076,validation,1,rule_triggered,attention,2.354873,7.064619,0.043203,0.042812
G-000077,G-000077,SYN-000077,validation,1,rule_triggered,attention,-0.026367,-0.079101,1.161574,1.081574
G-000078,G-000078,SYN-000078,train,1,rule_triggered,attention,2.372009,7.116027,0.000116,0.000116
G-000079,G-000079,SYN-000079,train,1,rule_triggered,attention,0.050113,0.150339,1.154837,1.074837
G-000080,G-000080,SYN-000080,train,1,rule_triggered,attention,2.393091,7.179273,-0.010874,0.002409
G-000081,G-000081,SYN-000081,train,1,rule_triggered,attention,-0.02252,-0.06756,-1.17601,1.09601
G-000082,G-000082,SYN-000082,test,1,rule_triggered,attention,2.38309,7.14927,0.010948,0.007226
G-000083,G-000083,SYN-000083,train,1,rule_triggered,attention,-0.010592,-0.031776,-1.167158,1.087158
G-000084,G-000084,SYN-000084,train,1,rule_triggered,attention,2.387395,7.162185,-0.011056,0.011056
G-000085,G-000085,SYN-000085,train,1,rule_triggered,attention,-0.05226,-0.15678,-1.15822,1.07822
G-000086,G-000086,SYN-000086,train,1,rule_triggered,attention,2.36293,7.08879,-0.035852,0.007507
G-000087,G-000087,SYN-000087,train,1,rule_triggered,attention,-0.008707,-0.026121,-1.140184,1.060184
G-000088,G-000088,SYN-000088,test,1,rule_triggered,attention,2.380673,7.142019,0.029553,0.000903
G-000089,G-000089,SYN-000089,validation,1,rule_triggered,attention,0.016349,0.049047,-1.165174,1.085174
G-000090,G-000090,SYN-000090,train,1,rule_triggered,attention,2.382916,7.148748,-0.007165,0.007165
G-000091,G-000091,SYN-000091,train,1,rule_triggered,attention,0.038586,0.115758,-1.165657,1.085657
G-000092,G-000092,SYN-000092,train,1,rule_triggered,attention,2.363493,7.090479,0.018432,0.006521
G-000093,G-000093,SYN-000093,train,1,rule_triggered,attention,-0.002053,-0.006159,-1.171881,1.091881
G-000094,G-000094,SYN-000094,test,1,rule_triggered,attention,2.375935,7.127805,0.010138,0.009755
G-000095,G-000095,SYN-000095,validation,1,rule_triggered,attention,-0.042304,-0.126912,1.175699,1.095699
G-000096,G-000096,SYN-000096,validation,1,rule_triggered,attention,2.362255,7.086765,-0.007838,0.007838
G-000097,G-000097,SYN-000097,train,1,rule_triggered,attention,-0.014127,-0.042381,-1.162194,1.082194
G-000098,G-000098,SYN-000098,train,1,rule_triggered,attention,2.382368,7.147104,0.000853,0.000853
G-000099,G-000099,SYN-000099,train,1,rule_triggered,attention,-0.043765,-0.131295,1.169286,1.089286
G-000100,G-000100,SYN-000100,train,1,rule_triggered,attention,2.356709,7.070127,-0.017499,0.012404
G-000101,G-000101,SYN-000101,train,1,rule_triggered,attention,-0.001851,-0.005553,1.141111,1.061111
G-000102,G-000102,SYN-000102,train,1,rule_triggered,attention,2.371967,7.115901,0.007043,0.007043
G-000103,G-000103,SYN-000103,validation,1,rule_triggered,attention,0.024158,0.072474,1.152126,1.072126
G-000104,G-000104,SYN-000104,validation,1,rule_triggered,attention,2.357046,7.071138,-0.000649,0.000649
G-000105,G-000105,SYN-000105,train,1,rule_triggered,attention,-0.002869,-0.008607,1.144479,1.064479
G-000106,G-000106,SYN-000106,test,1,rule_triggered,attention,2.357351,7.072053,-0.040271,0.006824
G-000107,G-000107,SYN-000107,validation,1,rule_triggered,attention,-0.008487,-0.025461,-1.148985,1.068985
G-000108,G-000108,SYN-000108,train,1,rule_triggered,attention,2.351354,7.054062,0.014322,0.014322
G-000109,G-000109,SYN-000109,train,1,rule_triggered,attention,-0.009173,-0.027519,1.160905,1.080905
G-000110,G-000110,SYN-000110,train,1,rule_triggered,attention,2.37926,7.13778,-0.00626,0.00626
G-000111,G-000111,SYN-000111,train,1,rule_triggered,attention,0.036693,0.110079,1.134502,1.054502
G-000112,G-000112,SYN-000112,test,1,rule_triggered,attention,2.35102,7.05306,0.01853,0.017069
G-000113,G-000113,SYN-000113,train,1,rule_triggered,attention,0.056162,0.168486,1.155846,1.075846
G-000114,G-000114,SYN-000114,train,1,rule_triggered,attention,2.361612,7.084836,-0.032963,0.013274
G-000115,G-000115,SYN-000115,validation,1,rule_triggered,attention,0.056333,0.168999,-1.158971,1.078971
G-000116,G-000116,SYN-000116,train,1,rule_triggered,attention,2.398839,7.196517,0.01311,0.000247
G-000117,G-000117,SYN-000117,train,1,rule_triggered,attention,0.003654,0.010962,-1.181345,1.101345
G-000118,G-000118,SYN-000118,train,1,rule_triggered,attention,2.36792,7.10376,-0.00206,0.000476
G-000119,G-000119,SYN-000119,train,1,rule_triggered,attention,-0.07673,-0.23019,1.169632,1.089632
G-000120,G-000120,SYN-000120,train,1,rule_triggered,attention,2.389566,7.168698,-0.001061,0.001061
G-000121,G-000121,SYN-000121,train,1,rule_triggered,attention,-0.020105,-0.060315,-1.18199,1.10199
G-000122,G-000122,SYN-000122,train,1,rule_triggered,attention,2.371406,7.114218,-0.027706,0.006989
G-000123,G-000123,SYN-000123,validation,1,rule_triggered,attention,0.027556,0.082668,-1.143908,1.063908
G-000124,G-000124,SYN-000124,train,1,rule_triggered,attention,2.366866,7.100598,0.005239,0.005239
G-000125,G-000125,SYN-000125,train,1,rule_triggered,attention,0.024585,0.073755,1.188749,1.108749
G-000126,G-000126,SYN-000126,train,1,rule_triggered,attention,2.365939,7.097817,0.024383,0.016435
G-000133,G-000133,SYN-000133,validation,1,rule_triggered,warning,5.344358,16.033074,1.164108,1.084108
G-000134,G-000134,SYN-000134,train,1,rule_triggered,warning,0.00554,0.01662,3.23733,3.11733
G-000135,G-000135,SYN-000135,validation,1,rule_triggered,warning,5.360232,16.080696,-1.182148,1.102148
G-000136,G-000136,SYN-000136,train,1,rule_triggered,warning,0.001868,0.005604,-3.224046,3.104046
G-000137,G-000137,SYN-000137,validation,1,rule_triggered,warning,5.362692,16.088076,1.187849,1.107849
G-000138,G-000138,SYN-000138,test,1,rule_triggered,warning,0.016548,0.049644,-3.236414,3.116414
G-000139,G-000139,SYN-000139,test,1,rule_triggered,warning,5.340843,16.022529,1.150109,1.070109
G-000140,G-000140,SYN-000140,train,1,rule_triggered,warning,0.011566,0.034698,-3.273975,3.153975
G-000141,G-000141,SYN-000141,train,1,rule_triggered,warning,5.353966,16.061898,1.185696,1.105696
G-000142,G-000142,SYN-000142,train,1,rule_triggered,warning,0.02906,0.08718,-3.26531,3.14531
G-000143,G-000143,SYN-000143,train,1,rule_triggered,warning,5.34674,16.04022,-1.149553,1.069553
G-000144,G-000144,SYN-000144,validation,1,rule_triggered,warning,0.024504,0.073512,-3.254734,3.134734
G-000145,G-000145,SYN-000145,test,1,rule_triggered,warning,5.368318,16.104954,1.143364,1.063364
G-000146,G-000146,SYN-000146,train,1,rule_triggered,warning,-0.03812,-0.11436,-3.238365,3.118365
G-000147,G-000147,SYN-000147,train,1,rule_triggered,warning,5.343619,16.030857,-1.162205,1.082205
G-000148,G-000148,SYN-000148,train,1,rule_triggered,warning,-0.014188,-0.042564,3.239901,3.119901
G-000149,G-000149,SYN-000149,test,1,rule_triggered,warning,5.344121,16.032363,1.151991,1.071991
G-000150,G-000150,SYN-000150,train,1,rule_triggered,warning,-0.012813,-0.038439,-3.223726,3.103726
G-000151,G-000151,SYN-000151,train,1,rule_triggered,warning,5.332079,15.996237,1.152599,1.072599
G-000152,G-000152,SYN-000152,train,1,rule_triggered,warning,-0.008915,-0.026745,3.219363,3.099363
G-000153,G-000153,SYN-000153,validation,1,rule_triggered,warning,5.331131,15.993393,-1.166529,1.086529
G-000154,G-000154,SYN-000154,train,1,rule_triggered,warning,0.039698,0.119094,-3.249919,3.129919
G-000155,G-000155,SYN-000155,train,1,rule_triggered,warning,5.366726,16.100178,1.178478,1.098478
G-000156,G-000156,SYN-000156,train,1,rule_triggered,warning,-0.00037,-0.00111,-3.250871,3.130871
G-000157,G-000157,SYN-000157,train,1,rule_triggered,warning,5.358252,16.074756,1.179111,1.099111
G-000158,G-000158,SYN-000158,train,1,rule_triggered,warning,-0.052475,-0.157425,3.237112,3.117112
G-000159,G-000159,SYN-000159,train,1,rule_triggered,warning,5.344417,16.033251,1.162888,1.082888
G-000160,G-000160,SYN-000160,validation,1,rule_triggered,warning,-0.027025,-0.081075,3.223326,3.103326
G-000161,G-000161,SYN-000161,train,1,rule_triggered,warning,5.333659,16.000977,-1.149827,1.069827
G-000162,G-000162,SYN-000162,test,1,rule_triggered,warning,-0.01876,-0.05628,-3.224168,3.104168
G-000163,G-000163,SYN-000163,test,1,rule_triggered,warning,5.368326,16.104978,1.154763,1.074763
G-000164,G-000164,SYN-000164,train,1,rule_triggered,warning,0.075876,0.227628,3.265549,3.145549
G-000165,G-000165,SYN-000165,train,1,rule_triggered,warning,5.342692,16.028076,-1.169292,1.089292
G-000166,G-000166,SYN-000166,train,1,rule_triggered,warning,0.015601,0.046803,3.232117,3.112117
G-000167,G-000167,SYN-000167,validation,1,rule_triggered,warning,5.355099,16.065297,1.151553,1.071553
G-000168,G-000168,SYN-000168,train,1,rule_triggered,warning,-0.041437,-0.124311,-3.23755,3.11755
G-000169,G-000169,SYN-000169,train,1,rule_triggered,warning,5.36946,16.10838,-1.141148,1.061148
G-000170,G-000170,SYN-000170,train,1,rule_triggered,warning,-0.018982,-0.056946,3.229519,3.109519
G-000171,G-000171,SYN-000171,train,1,rule_triggered,warning,5.360448,16.081344,-1.151856,1.071856
G-000172,G-000172,SYN-000172,train,1,rule_triggered,warning,0.007843,0.023529,3.224677,3.104677
G-000173,G-000173,SYN-000173,train,1,rule_triggered,warning,5.370548,16.111644,-1.149158,1.069158
G-000174,G-000174,SYN-000174,validation,1,rule_triggered,warning,-0.016778,-0.050334,-3.228004,3.108004
G-000175,G-000175,SYN-000175,train,1,rule_triggered,warning,5.349527,16.048581,-1.14832,1.06832
G-000176,G-000176,SYN-000176,train,1,rule_triggered,warning,-0.042187,-0.126561,3.217034,3.097034
G-000177,G-000177,SYN-000177,test,1,rule_triggered,warning,5.376145,16.128435,-1.166664,1.086664
G-000178,G-000178,SYN-000178,train,1,rule_triggered,warning,-0.031443,-0.094329,-3.241754,3.121754
G-000179,G-000179,SYN-000179,train,1,rule_triggered,warning,5.375826,16.127478,1.171968,1.091968
G-000180,G-000180,SYN-000180,train,1,rule_triggered,warning,-0.026562,-0.079686,3.229169,3.109169
G-000181,G-000181,SYN-000181,test,1,rule_triggered,warning,5.350378,16.051134,1.180919,1.100919
G-000182,G-000182,SYN-000182,train,1,rule_triggered,warning,0.045337,0.136011,3.212572,3.092572
G-000183,G-000183,SYN-000183,test,1,rule_triggered,warning,5.357044,16.071132,1.147482,1.067482
G-000184,G-000184,SYN-000184,train,1,rule_triggered,warning,0.054718,0.164154,3.257187,3.137187
G-000185,G-000185,SYN-000185,train,1,rule_triggered,warning,5.357397,16.072191,1.159079,1.079079
G-000186,G-000186,SYN-000186,test,1,rule_triggered,warning,-0.008287,-0.024861,3.222327,3.102327
G-000187,G-000187,SYN-000187,train,1,rule_triggered,warning,5.358193,16.074579,-1.171094,1.091094
G-000188,G-000188,SYN-000188,test,1,rule_triggered,warning,0.041358,0.124074,-3.244429,3.124429
G-000189,G-000189,SYN-000189,train,1,rule_triggered,warning,5.331784,15.995352,-1.14499,1.06499
G-000190,G-000190,SYN-000190,train,1,rule_triggered,warning,-0.048669,-0.146007,3.261485,3.141485
G-000191,G-000191,SYN-000191,train,1,rule_triggered,warning,5.34648,16.03944,-1.16073,1.08073
G-000192,G-000192,SYN-000192,train,1,rule_triggered,warning,-0.011798,-0.035394,-3.252281,3.132281
